"copy_id","area","route","screen","component","state","copy_type","final_copy","objective","audience","max_chars","source_command","competitive_brief","ux_copy_instruction","status","evidence_required","notes","prompt_self_contained"
"COPY-GLOBAL-001","Global","*","Navegação","Nav item","default","label","Início","Levar o usuário à página institucional principal.","Usuário do ecossistema EXECUTAR","20","/competitive-briefing + /ux-copy","Comparar rótulos de navegação inicial em produtos de produtividade e conhecimento.","Preferir rótulo curto, familiar e inequívoco.","READY","NO","","Use /competitive-briefing para revisar padrões de mercado aplicáveis ao componente 'Nav item' na rota '*', sem copiar textos de concorrentes. Depois use /ux-copy para escrever/revisar a copy em pt-BR. Objetivo: Levar o usuário à página institucional principal. Público: Usuário do ecossistema EXECUTAR. Tipo: label. Limite: 20 caracteres. Preserve linguagem clara, direta, orientada à tarefa, sem claims não suportadas. Copy atual: 'Início'. Retorne somente a copy final e uma justificativa de até 20 palavras."
"COPY-GLOBAL-002","Global","*","Navegação","Nav item","default","label","Artigos","Levar o usuário ao conteúdo editorial.","Usuário do ecossistema EXECUTAR","20","/competitive-briefing + /ux-copy","","","READY","NO","","Use /competitive-briefing para revisar padrões de mercado aplicáveis ao componente 'Nav item' na rota '*', sem copiar textos de concorrentes. Depois use /ux-copy para escrever/revisar a copy em pt-BR. Objetivo: Levar o usuário ao conteúdo editorial. Público: Usuário do ecossistema EXECUTAR. Tipo: label. Limite: 20 caracteres. Preserve linguagem clara, direta, orientada à tarefa, sem claims não suportadas. Copy atual: 'Artigos'. Retorne somente a copy final e uma justificativa de até 20 palavras."
"COPY-GLOBAL-003","Global","*","Navegação","Nav item","default","label","Skills","Levar o usuário ao catálogo de Skills.","Usuário do ecossistema EXECUTAR","20","/competitive-briefing + /ux-copy","","","READY","NO","","Use /competitive-briefing para revisar padrões de mercado aplicáveis ao componente 'Nav item' na rota '*', sem copiar textos de concorrentes. Depois use /ux-copy para escrever/revisar a copy em pt-BR. Objetivo: Levar o usuário ao catálogo de Skills. Público: Usuário do ecossistema EXECUTAR. Tipo: label. Limite: 20 caracteres. Preserve linguagem clara, direta, orientada à tarefa, sem claims não suportadas. Copy atual: 'Skills'. Retorne somente a copy final e uma justificativa de até 20 palavras."
"COPY-GLOBAL-004","Global","*","Navegação","Nav item","default","label","Loja","Levar o usuário à loja de ferramentas e ativos.","Usuário do ecossistema EXECUTAR","20","/competitive-briefing + /ux-copy","","","READY","NO","","Use /competitive-briefing para revisar padrões de mercado aplicáveis ao componente 'Nav item' na rota '*', sem copiar textos de concorrentes. Depois use /ux-copy para escrever/revisar a copy em pt-BR. Objetivo: Levar o usuário à loja de ferramentas e ativos. Público: Usuário do ecossistema EXECUTAR. Tipo: label. Limite: 20 caracteres. Preserve linguagem clara, direta, orientada à tarefa, sem claims não suportadas. Copy atual: 'Loja'. Retorne somente a copy final e uma justificativa de até 20 palavras."
"COPY-GLOBAL-005","Global","*","Navegação","Search","default","placeholder","Buscar no EXECUTAR","Orientar a busca global.","Usuário do ecossistema EXECUTAR","40","/competitive-briefing + /ux-copy","","","READY","NO","","Use /competitive-briefing para revisar padrões de mercado aplicáveis ao componente 'Search' na rota '*', sem copiar textos de concorrentes. Depois use /ux-copy para escrever/revisar a copy em pt-BR. Objetivo: Orientar a busca global. Público: Usuário do ecossistema EXECUTAR. Tipo: placeholder. Limite: 40 caracteres. Preserve linguagem clara, direta, orientada à tarefa, sem claims não suportadas. Copy atual: 'Buscar no EXECUTAR'. Retorne somente a copy final e uma justificativa de até 20 palavras."
"COPY-GLOBAL-006","Global","*","Sistema","Loading","loading","status","Carregando…","Informar que o conteúdo está sendo carregado.","Usuário do ecossistema EXECUTAR","24","/competitive-briefing + /ux-copy","","","READY","NO","","Use /competitive-briefing para revisar padrões de mercado aplicáveis ao componente 'Loading' na rota '*', sem copiar textos de concorrentes. Depois use /ux-copy para escrever/revisar a copy em pt-BR. Objetivo: Informar que o conteúdo está sendo carregado. Público: Usuário do ecossistema EXECUTAR. Tipo: status. Limite: 24 caracteres. Preserve linguagem clara, direta, orientada à tarefa, sem claims não suportadas. Copy atual: 'Carregando…'. Retorne somente a copy final e uma justificativa de até 20 palavras."
"COPY-GLOBAL-007","Global","*","Sistema","Error","error","title","Não foi possível carregar","Explicar uma falha sem atribuir culpa ao usuário.","Usuário do ecossistema EXECUTAR","48","/competitive-briefing + /ux-copy","","","READY","NO","","Use /competitive-briefing para revisar padrões de mercado aplicáveis ao componente 'Error' na rota '*', sem copiar textos de concorrentes. Depois use /ux-copy para escrever/revisar a copy em pt-BR. Objetivo: Explicar uma falha sem atribuir culpa ao usuário. Público: Usuário do ecossistema EXECUTAR. Tipo: title. Limite: 48 caracteres. Preserve linguagem clara, direta, orientada à tarefa, sem claims não suportadas. Copy atual: 'Não foi possível carregar'. Retorne somente a copy final e uma justificativa de até 20 palavras."
"COPY-GLOBAL-008","Global","*","Sistema","Error","error","body","Tente novamente. Se o problema continuar, volte mais tarde.","Dar uma próxima ação simples após falha.","Usuário do ecossistema EXECUTAR","90","/competitive-briefing + /ux-copy","","","READY","NO","","Use /competitive-briefing para revisar padrões de mercado aplicáveis ao componente 'Error' na rota '*', sem copiar textos de concorrentes. Depois use /ux-copy para escrever/revisar a copy em pt-BR. Objetivo: Dar uma próxima ação simples após falha. Público: Usuário do ecossistema EXECUTAR. Tipo: body. Limite: 90 caracteres. Preserve linguagem clara, direta, orientada à tarefa, sem claims não suportadas. Copy atual: 'Tente novamente. Se o problema continuar, volte mais tarde.'. Retorne somente a copy final e uma justificativa de até 20 palavras."
"COPY-GLOBAL-009","Global","*","Sistema","Error","error","cta","Tentar novamente","Permitir repetir a ação.","Usuário do ecossistema EXECUTAR","24","/competitive-briefing + /ux-copy","","","READY","NO","","Use /competitive-briefing para revisar padrões de mercado aplicáveis ao componente 'Error' na rota '*', sem copiar textos de concorrentes. Depois use /ux-copy para escrever/revisar a copy em pt-BR. Objetivo: Permitir repetir a ação. Público: Usuário do ecossistema EXECUTAR. Tipo: cta. Limite: 24 caracteres. Preserve linguagem clara, direta, orientada à tarefa, sem claims não suportadas. Copy atual: 'Tentar novamente'. Retorne somente a copy final e uma justificativa de até 20 palavras."
"COPY-INST-001","Institucional","/","Home","Eyebrow","default","label","EXECUTAR","Identificar a marca/produto.","Usuário do ecossistema EXECUTAR","20","/competitive-briefing + /ux-copy","","","READY","NO","","Use /competitive-briefing para revisar padrões de mercado aplicáveis ao componente 'Eyebrow' na rota '/', sem copiar textos de concorrentes. Depois use /ux-copy para escrever/revisar a copy em pt-BR. Objetivo: Identificar a marca/produto. Público: Usuário do ecossistema EXECUTAR. Tipo: label. Limite: 20 caracteres. Preserve linguagem clara, direta, orientada à tarefa, sem claims não suportadas. Copy atual: 'EXECUTAR'. Retorne somente a copy final e uma justificativa de até 20 palavras."
"COPY-INST-002","Institucional","/","Home","Hero title","default","headline","Transforme intenção em execução.","Comunicar a proposta central de forma direta.","Usuário do ecossistema EXECUTAR","60","/competitive-briefing + /ux-copy","Mapear como plataformas de produtividade apresentam a promessa principal sem jargão.","Escrever headline curta, concreta e orientada a resultado.","DRAFT","NO","","Use /competitive-briefing para revisar padrões de mercado aplicáveis ao componente 'Hero title' na rota '/', sem copiar textos de concorrentes. Depois use /ux-copy para escrever/revisar a copy em pt-BR. Objetivo: Comunicar a proposta central de forma direta. Público: Usuário do ecossistema EXECUTAR. Tipo: headline. Limite: 60 caracteres. Preserve linguagem clara, direta, orientada à tarefa, sem claims não suportadas. Copy atual: 'Transforme intenção em execução.'. Retorne somente a copy final e uma justificativa de até 20 palavras."
"COPY-INST-003","Institucional","/","Home","Hero body","default","body","Organize o trabalho, reduza atrito e avance com ferramentas, conteúdo e fluxos conectados.","Explicar o que o ecossistema oferece.","Usuário do ecossistema EXECUTAR","140","/competitive-briefing + /ux-copy","Comparar clareza e especificidade de descrições em produtos de produtividade e knowledge work.","Explicar benefício e mecanismo em uma frase, sem promessas absolutas.","DRAFT","NO","","Use /competitive-briefing para revisar padrões de mercado aplicáveis ao componente 'Hero body' na rota '/', sem copiar textos de concorrentes. Depois use /ux-copy para escrever/revisar a copy em pt-BR. Objetivo: Explicar o que o ecossistema oferece. Público: Usuário do ecossistema EXECUTAR. Tipo: body. Limite: 140 caracteres. Preserve linguagem clara, direta, orientada à tarefa, sem claims não suportadas. Copy atual: 'Organize o trabalho, reduza atrito e avance com ferramentas, conteúdo e fluxos conectados.'. Retorne somente a copy final e uma justificativa de até 20 palavras."
"COPY-INST-004","Institucional","/","Home","Primary CTA","default","cta","Explorar ferramentas","Levar o usuário para a Store.","Usuário do ecossistema EXECUTAR","30","/competitive-briefing + /ux-copy","","","READY","NO","","Use /competitive-briefing para revisar padrões de mercado aplicáveis ao componente 'Primary CTA' na rota '/', sem copiar textos de concorrentes. Depois use /ux-copy para escrever/revisar a copy em pt-BR. Objetivo: Levar o usuário para a Store. Público: Usuário do ecossistema EXECUTAR. Tipo: cta. Limite: 30 caracteres. Preserve linguagem clara, direta, orientada à tarefa, sem claims não suportadas. Copy atual: 'Explorar ferramentas'. Retorne somente a copy final e uma justificativa de até 20 palavras."
"COPY-INST-005","Institucional","/","Home","Secondary CTA","default","cta","Ler artigos","Levar o usuário para o editorial.","Usuário do ecossistema EXECUTAR","24","/competitive-briefing + /ux-copy","","","READY","NO","","Use /competitive-briefing para revisar padrões de mercado aplicáveis ao componente 'Secondary CTA' na rota '/', sem copiar textos de concorrentes. Depois use /ux-copy para escrever/revisar a copy em pt-BR. Objetivo: Levar o usuário para o editorial. Público: Usuário do ecossistema EXECUTAR. Tipo: cta. Limite: 24 caracteres. Preserve linguagem clara, direta, orientada à tarefa, sem claims não suportadas. Copy atual: 'Ler artigos'. Retorne somente a copy final e uma justificativa de até 20 palavras."
"COPY-INST-006","Institucional","/","Home","Section title","default","heading","Escolha por onde começar","Introduzir caminhos principais.","Usuário do ecossistema EXECUTAR","44","/competitive-briefing + /ux-copy","","","DRAFT","NO","","Use /competitive-briefing para revisar padrões de mercado aplicáveis ao componente 'Section title' na rota '/', sem copiar textos de concorrentes. Depois use /ux-copy para escrever/revisar a copy em pt-BR. Objetivo: Introduzir caminhos principais. Público: Usuário do ecossistema EXECUTAR. Tipo: heading. Limite: 44 caracteres. Preserve linguagem clara, direta, orientada à tarefa, sem claims não suportadas. Copy atual: 'Escolha por onde começar'. Retorne somente a copy final e uma justificativa de até 20 palavras."
"COPY-INST-007","Institucional","/","Home","Section body","default","body","Explore conteúdos, Skills e recursos de acordo com o que você precisa fazer agora.","Explicar como usar as áreas do produto.","Usuário do ecossistema EXECUTAR","130","/competitive-briefing + /ux-copy","","","DRAFT","NO","","Use /competitive-briefing para revisar padrões de mercado aplicáveis ao componente 'Section body' na rota '/', sem copiar textos de concorrentes. Depois use /ux-copy para escrever/revisar a copy em pt-BR. Objetivo: Explicar como usar as áreas do produto. Público: Usuário do ecossistema EXECUTAR. Tipo: body. Limite: 130 caracteres. Preserve linguagem clara, direta, orientada à tarefa, sem claims não suportadas. Copy atual: 'Explore conteúdos, Skills e recursos de acordo com o que você precisa fazer agora.'. Retorne somente a copy final e uma justificativa de até 20 palavras."
"COPY-ART-001","Artigos","/artigos","Artigos","Page title","default","headline","Artigos","Nomear a área editorial.","Usuário do ecossistema EXECUTAR","30","/competitive-briefing + /ux-copy","","","READY","NO","","Use /competitive-briefing para revisar padrões de mercado aplicáveis ao componente 'Page title' na rota '/artigos', sem copiar textos de concorrentes. Depois use /ux-copy para escrever/revisar a copy em pt-BR. Objetivo: Nomear a área editorial. Público: Usuário do ecossistema EXECUTAR. Tipo: headline. Limite: 30 caracteres. Preserve linguagem clara, direta, orientada à tarefa, sem claims não suportadas. Copy atual: 'Artigos'. Retorne somente a copy final e uma justificativa de até 20 palavras."
"COPY-ART-002","Artigos","/artigos","Artigos","Page intro","default","body","Conteúdo para compreender riscos, redesenhar processos e apoiar a execução.","Explicar a função da área editorial.","Usuário do ecossistema EXECUTAR","130","/competitive-briefing + /ux-copy","","","DRAFT","NO","","Use /competitive-briefing para revisar padrões de mercado aplicáveis ao componente 'Page intro' na rota '/artigos', sem copiar textos de concorrentes. Depois use /ux-copy para escrever/revisar a copy em pt-BR. Objetivo: Explicar a função da área editorial. Público: Usuário do ecossistema EXECUTAR. Tipo: body. Limite: 130 caracteres. Preserve linguagem clara, direta, orientada à tarefa, sem claims não suportadas. Copy atual: 'Conteúdo para compreender riscos, redesenhar processos e apoiar a execução.'. Retorne somente a copy final e uma justificativa de até 20 palavras."
"COPY-ART-003","Artigos","/artigos","Artigos","Search","default","placeholder","Buscar artigos","Orientar a busca no catálogo editorial.","Usuário do ecossistema EXECUTAR","32","/competitive-briefing + /ux-copy","","","READY","NO","","Use /competitive-briefing para revisar padrões de mercado aplicáveis ao componente 'Search' na rota '/artigos', sem copiar textos de concorrentes. Depois use /ux-copy para escrever/revisar a copy em pt-BR. Objetivo: Orientar a busca no catálogo editorial. Público: Usuário do ecossistema EXECUTAR. Tipo: placeholder. Limite: 32 caracteres. Preserve linguagem clara, direta, orientada à tarefa, sem claims não suportadas. Copy atual: 'Buscar artigos'. Retorne somente a copy final e uma justificativa de até 20 palavras."
"COPY-ART-004","Artigos","/artigos","Artigos","Filter","default","label","Filtrar","Abrir filtros editoriais.","Usuário do ecossistema EXECUTAR","20","/competitive-briefing + /ux-copy","","","READY","NO","","Use /competitive-briefing para revisar padrões de mercado aplicáveis ao componente 'Filter' na rota '/artigos', sem copiar textos de concorrentes. Depois use /ux-copy para escrever/revisar a copy em pt-BR. Objetivo: Abrir filtros editoriais. Público: Usuário do ecossistema EXECUTAR. Tipo: label. Limite: 20 caracteres. Preserve linguagem clara, direta, orientada à tarefa, sem claims não suportadas. Copy atual: 'Filtrar'. Retorne somente a copy final e uma justificativa de até 20 palavras."
"COPY-ART-005","Artigos","/artigos","Artigos","Empty state","empty","title","Nenhum artigo encontrado","Informar ausência de resultado.","Usuário do ecossistema EXECUTAR","44","/competitive-briefing + /ux-copy","","","READY","NO","","Use /competitive-briefing para revisar padrões de mercado aplicáveis ao componente 'Empty state' na rota '/artigos', sem copiar textos de concorrentes. Depois use /ux-copy para escrever/revisar a copy em pt-BR. Objetivo: Informar ausência de resultado. Público: Usuário do ecossistema EXECUTAR. Tipo: title. Limite: 44 caracteres. Preserve linguagem clara, direta, orientada à tarefa, sem claims não suportadas. Copy atual: 'Nenhum artigo encontrado'. Retorne somente a copy final e uma justificativa de até 20 palavras."
"COPY-ART-006","Artigos","/artigos","Artigos","Empty state","empty","body","Tente outro termo ou remova alguns filtros.","Dar próxima ação quando a busca não retorna resultados.","Usuário do ecossistema EXECUTAR","80","/competitive-briefing + /ux-copy","","","READY","NO","","Use /competitive-briefing para revisar padrões de mercado aplicáveis ao componente 'Empty state' na rota '/artigos', sem copiar textos de concorrentes. Depois use /ux-copy para escrever/revisar a copy em pt-BR. Objetivo: Dar próxima ação quando a busca não retorna resultados. Público: Usuário do ecossistema EXECUTAR. Tipo: body. Limite: 80 caracteres. Preserve linguagem clara, direta, orientada à tarefa, sem claims não suportadas. Copy atual: 'Tente outro termo ou remova alguns filtros.'. Retorne somente a copy final e uma justificativa de até 20 palavras."
"COPY-ART-007","Artigos","/artigos/:slug","Artigo","References","default","label","Referências","Identificar área de fontes do artigo.","Usuário do ecossistema EXECUTAR","28","/competitive-briefing + /ux-copy","","","READY","NO","","Use /competitive-briefing para revisar padrões de mercado aplicáveis ao componente 'References' na rota '/artigos/:slug', sem copiar textos de concorrentes. Depois use /ux-copy para escrever/revisar a copy em pt-BR. Objetivo: Identificar área de fontes do artigo. Público: Usuário do ecossistema EXECUTAR. Tipo: label. Limite: 28 caracteres. Preserve linguagem clara, direta, orientada à tarefa, sem claims não suportadas. Copy atual: 'Referências'. Retorne somente a copy final e uma justificativa de até 20 palavras."
"COPY-ART-008","Artigos","/artigos/:slug","Artigo","Related content","default","heading","Continue explorando","Introduzir conteúdo relacionado.","Usuário do ecossistema EXECUTAR","36","/competitive-briefing + /ux-copy","","","DRAFT","NO","","Use /competitive-briefing para revisar padrões de mercado aplicáveis ao componente 'Related content' na rota '/artigos/:slug', sem copiar textos de concorrentes. Depois use /ux-copy para escrever/revisar a copy em pt-BR. Objetivo: Introduzir conteúdo relacionado. Público: Usuário do ecossistema EXECUTAR. Tipo: heading. Limite: 36 caracteres. Preserve linguagem clara, direta, orientada à tarefa, sem claims não suportadas. Copy atual: 'Continue explorando'. Retorne somente a copy final e uma justificativa de até 20 palavras."
"COPY-ART-009","Artigos","/artigos/:slug","Artigo","Related content","default","body","Veja conteúdos relacionados a este tema.","Explicar bloco de conteúdo relacionado.","Usuário do ecossistema EXECUTAR","70","/competitive-briefing + /ux-copy","","","DRAFT","NO","","Use /competitive-briefing para revisar padrões de mercado aplicáveis ao componente 'Related content' na rota '/artigos/:slug', sem copiar textos de concorrentes. Depois use /ux-copy para escrever/revisar a copy em pt-BR. Objetivo: Explicar bloco de conteúdo relacionado. Público: Usuário do ecossistema EXECUTAR. Tipo: body. Limite: 70 caracteres. Preserve linguagem clara, direta, orientada à tarefa, sem claims não suportadas. Copy atual: 'Veja conteúdos relacionados a este tema.'. Retorne somente a copy final e uma justificativa de até 20 palavras."
"COPY-STORE-001","Loja","/loja","Store Home","Page title","default","headline","Ferramentas","Nomear a área principal de ferramentas.","Usuário do ecossistema EXECUTAR","30","/competitive-briefing + /ux-copy","","","READY","NO","","Use /competitive-briefing para revisar padrões de mercado aplicáveis ao componente 'Page title' na rota '/loja', sem copiar textos de concorrentes. Depois use /ux-copy para escrever/revisar a copy em pt-BR. Objetivo: Nomear a área principal de ferramentas. Público: Usuário do ecossistema EXECUTAR. Tipo: headline. Limite: 30 caracteres. Preserve linguagem clara, direta, orientada à tarefa, sem claims não suportadas. Copy atual: 'Ferramentas'. Retorne somente a copy final e uma justificativa de até 20 palavras."
"COPY-STORE-002","Loja","/loja","Store Home","Page intro","default","body","Encontre recursos para organizar, criar e executar seu trabalho.","Explicar o valor da Store de forma funcional.","Usuário do ecossistema EXECUTAR","120","/competitive-briefing + /ux-copy","Comparar descrições de discovery/store em ecossistemas de plugins, templates e ferramentas.","Usar linguagem de tarefa; evitar termos como marketplace se não forem necessários.","DRAFT","NO","","Use /competitive-briefing para revisar padrões de mercado aplicáveis ao componente 'Page intro' na rota '/loja', sem copiar textos de concorrentes. Depois use /ux-copy para escrever/revisar a copy em pt-BR. Objetivo: Explicar o valor da Store de forma funcional. Público: Usuário do ecossistema EXECUTAR. Tipo: body. Limite: 120 caracteres. Preserve linguagem clara, direta, orientada à tarefa, sem claims não suportadas. Copy atual: 'Encontre recursos para organizar, criar e executar seu trabalho.'. Retorne somente a copy final e uma justificativa de até 20 palavras."
"COPY-STORE-003","Loja","/loja","Store Home","Search","default","placeholder","Buscar ferramentas","Orientar a busca dentro da Store.","Usuário do ecossistema EXECUTAR","36","/competitive-briefing + /ux-copy","","","READY","NO","","Use /competitive-briefing para revisar padrões de mercado aplicáveis ao componente 'Search' na rota '/loja', sem copiar textos de concorrentes. Depois use /ux-copy para escrever/revisar a copy em pt-BR. Objetivo: Orientar a busca dentro da Store. Público: Usuário do ecossistema EXECUTAR. Tipo: placeholder. Limite: 36 caracteres. Preserve linguagem clara, direta, orientada à tarefa, sem claims não suportadas. Copy atual: 'Buscar ferramentas'. Retorne somente a copy final e uma justificativa de até 20 palavras."
"COPY-STORE-004","Loja","/loja","Store Home","Tab","default","label","Todos","Mostrar todo o catálogo.","Usuário do ecossistema EXECUTAR","16","/competitive-briefing + /ux-copy","","","READY","NO","","Use /competitive-briefing para revisar padrões de mercado aplicáveis ao componente 'Tab' na rota '/loja', sem copiar textos de concorrentes. Depois use /ux-copy para escrever/revisar a copy em pt-BR. Objetivo: Mostrar todo o catálogo. Público: Usuário do ecossistema EXECUTAR. Tipo: label. Limite: 16 caracteres. Preserve linguagem clara, direta, orientada à tarefa, sem claims não suportadas. Copy atual: 'Todos'. Retorne somente a copy final e uma justificativa de até 20 palavras."
"COPY-STORE-005","Loja","/loja","Store Home","Tab","default","label","Skills","Filtrar catálogo para Skills.","Usuário do ecossistema EXECUTAR","16","/competitive-briefing + /ux-copy","","","READY","NO","","Use /competitive-briefing para revisar padrões de mercado aplicáveis ao componente 'Tab' na rota '/loja', sem copiar textos de concorrentes. Depois use /ux-copy para escrever/revisar a copy em pt-BR. Objetivo: Filtrar catálogo para Skills. Público: Usuário do ecossistema EXECUTAR. Tipo: label. Limite: 16 caracteres. Preserve linguagem clara, direta, orientada à tarefa, sem claims não suportadas. Copy atual: 'Skills'. Retorne somente a copy final e uma justificativa de até 20 palavras."
"COPY-STORE-006","Loja","/loja","Store Home","Tab","default","label","Prompts","Filtrar catálogo para Prompts.","Usuário do ecossistema EXECUTAR","16","/competitive-briefing + /ux-copy","","","READY","NO","","Use /competitive-briefing para revisar padrões de mercado aplicáveis ao componente 'Tab' na rota '/loja', sem copiar textos de concorrentes. Depois use /ux-copy para escrever/revisar a copy em pt-BR. Objetivo: Filtrar catálogo para Prompts. Público: Usuário do ecossistema EXECUTAR. Tipo: label. Limite: 16 caracteres. Preserve linguagem clara, direta, orientada à tarefa, sem claims não suportadas. Copy atual: 'Prompts'. Retorne somente a copy final e uma justificativa de até 20 palavras."
"COPY-STORE-007","Loja","/loja","Store Home","Tab","default","label","E-books","Filtrar catálogo para E-books.","Usuário do ecossistema EXECUTAR","16","/competitive-briefing + /ux-copy","","","READY","NO","","Use /competitive-briefing para revisar padrões de mercado aplicáveis ao componente 'Tab' na rota '/loja', sem copiar textos de concorrentes. Depois use /ux-copy para escrever/revisar a copy em pt-BR. Objetivo: Filtrar catálogo para E-books. Público: Usuário do ecossistema EXECUTAR. Tipo: label. Limite: 16 caracteres. Preserve linguagem clara, direta, orientada à tarefa, sem claims não suportadas. Copy atual: 'E-books'. Retorne somente a copy final e uma justificativa de até 20 palavras."
"COPY-STORE-008","Loja","/loja","Store Home","Tab","default","label","Workbooks","Filtrar catálogo para Workbooks.","Usuário do ecossistema EXECUTAR","18","/competitive-briefing + /ux-copy","","","READY","NO","","Use /competitive-briefing para revisar padrões de mercado aplicáveis ao componente 'Tab' na rota '/loja', sem copiar textos de concorrentes. Depois use /ux-copy para escrever/revisar a copy em pt-BR. Objetivo: Filtrar catálogo para Workbooks. Público: Usuário do ecossistema EXECUTAR. Tipo: label. Limite: 18 caracteres. Preserve linguagem clara, direta, orientada à tarefa, sem claims não suportadas. Copy atual: 'Workbooks'. Retorne somente a copy final e uma justificativa de até 20 palavras."
"COPY-STORE-009","Loja","/loja","Store Home","Tab","default","label","Assets","Filtrar catálogo para Assets.","Usuário do ecossistema EXECUTAR","16","/competitive-briefing + /ux-copy","","","READY","NO","","Use /competitive-briefing para revisar padrões de mercado aplicáveis ao componente 'Tab' na rota '/loja', sem copiar textos de concorrentes. Depois use /ux-copy para escrever/revisar a copy em pt-BR. Objetivo: Filtrar catálogo para Assets. Público: Usuário do ecossistema EXECUTAR. Tipo: label. Limite: 16 caracteres. Preserve linguagem clara, direta, orientada à tarefa, sem claims não suportadas. Copy atual: 'Assets'. Retorne somente a copy final e uma justificativa de até 20 palavras."
"COPY-STORE-010","Loja","/loja","Store Home","Section title","default","heading","Categorias","Introduzir os tipos de recursos disponíveis.","Usuário do ecossistema EXECUTAR","28","/competitive-briefing + /ux-copy","","","READY","NO","","Use /competitive-briefing para revisar padrões de mercado aplicáveis ao componente 'Section title' na rota '/loja', sem copiar textos de concorrentes. Depois use /ux-copy para escrever/revisar a copy em pt-BR. Objetivo: Introduzir os tipos de recursos disponíveis. Público: Usuário do ecossistema EXECUTAR. Tipo: heading. Limite: 28 caracteres. Preserve linguagem clara, direta, orientada à tarefa, sem claims não suportadas. Copy atual: 'Categorias'. Retorne somente a copy final e uma justificativa de até 20 palavras."
"COPY-STORE-011","Loja","/loja","Store Home","Featured label","default","label","Destaque","Identificar item principal da Store.","Usuário do ecossistema EXECUTAR","20","/competitive-briefing + /ux-copy","","","READY","NO","","Use /competitive-briefing para revisar padrões de mercado aplicáveis ao componente 'Featured label' na rota '/loja', sem copiar textos de concorrentes. Depois use /ux-copy para escrever/revisar a copy em pt-BR. Objetivo: Identificar item principal da Store. Público: Usuário do ecossistema EXECUTAR. Tipo: label. Limite: 20 caracteres. Preserve linguagem clara, direta, orientada à tarefa, sem claims não suportadas. Copy atual: 'Destaque'. Retorne somente a copy final e uma justificativa de até 20 palavras."
"COPY-STORE-012","Loja","/loja","Store Home","Section title","default","heading","Skills","Introduzir lista de Skills.","Usuário do ecossistema EXECUTAR","20","/competitive-briefing + /ux-copy","","","READY","NO","","Use /competitive-briefing para revisar padrões de mercado aplicáveis ao componente 'Section title' na rota '/loja', sem copiar textos de concorrentes. Depois use /ux-copy para escrever/revisar a copy em pt-BR. Objetivo: Introduzir lista de Skills. Público: Usuário do ecossistema EXECUTAR. Tipo: heading. Limite: 20 caracteres. Preserve linguagem clara, direta, orientada à tarefa, sem claims não suportadas. Copy atual: 'Skills'. Retorne somente a copy final e uma justificativa de até 20 palavras."
"COPY-STORE-013","Loja","/loja","Store Home","Section CTA","default","cta","Ver todas","Abrir catálogo completo da categoria.","Usuário do ecossistema EXECUTAR","24","/competitive-briefing + /ux-copy","","","READY","NO","","Use /competitive-briefing para revisar padrões de mercado aplicáveis ao componente 'Section CTA' na rota '/loja', sem copiar textos de concorrentes. Depois use /ux-copy para escrever/revisar a copy em pt-BR. Objetivo: Abrir catálogo completo da categoria. Público: Usuário do ecossistema EXECUTAR. Tipo: cta. Limite: 24 caracteres. Preserve linguagem clara, direta, orientada à tarefa, sem claims não suportadas. Copy atual: 'Ver todas'. Retorne somente a copy final e uma justificativa de até 20 palavras."
"COPY-STORE-014","Loja","/loja","Store Home","Section title","default","heading","E-books","Introduzir catálogo visual de E-books.","Usuário do ecossistema EXECUTAR","20","/competitive-briefing + /ux-copy","","","READY","NO","","Use /competitive-briefing para revisar padrões de mercado aplicáveis ao componente 'Section title' na rota '/loja', sem copiar textos de concorrentes. Depois use /ux-copy para escrever/revisar a copy em pt-BR. Objetivo: Introduzir catálogo visual de E-books. Público: Usuário do ecossistema EXECUTAR. Tipo: heading. Limite: 20 caracteres. Preserve linguagem clara, direta, orientada à tarefa, sem claims não suportadas. Copy atual: 'E-books'. Retorne somente a copy final e uma justificativa de até 20 palavras."
"COPY-STORE-015","Loja","/loja","Store Home","Empty state","empty","title","Nenhuma ferramenta encontrada","Informar ausência de resultados.","Usuário do ecossistema EXECUTAR","48","/competitive-briefing + /ux-copy","","","READY","NO","","Use /competitive-briefing para revisar padrões de mercado aplicáveis ao componente 'Empty state' na rota '/loja', sem copiar textos de concorrentes. Depois use /ux-copy para escrever/revisar a copy em pt-BR. Objetivo: Informar ausência de resultados. Público: Usuário do ecossistema EXECUTAR. Tipo: title. Limite: 48 caracteres. Preserve linguagem clara, direta, orientada à tarefa, sem claims não suportadas. Copy atual: 'Nenhuma ferramenta encontrada'. Retorne somente a copy final e uma justificativa de até 20 palavras."
"COPY-STORE-016","Loja","/loja","Store Home","Empty state","empty","body","Tente outro termo ou altere os filtros.","Dar uma alternativa de recuperação.","Usuário do ecossistema EXECUTAR","80","/competitive-briefing + /ux-copy","","","READY","NO","","Use /competitive-briefing para revisar padrões de mercado aplicáveis ao componente 'Empty state' na rota '/loja', sem copiar textos de concorrentes. Depois use /ux-copy para escrever/revisar a copy em pt-BR. Objetivo: Dar uma alternativa de recuperação. Público: Usuário do ecossistema EXECUTAR. Tipo: body. Limite: 80 caracteres. Preserve linguagem clara, direta, orientada à tarefa, sem claims não suportadas. Copy atual: 'Tente outro termo ou altere os filtros.'. Retorne somente a copy final e uma justificativa de até 20 palavras."
"COPY-SKL-001","Skills","/skills","Skills Catalog","Page title","default","headline","Skills","Nomear o catálogo de Skills.","Usuário do ecossistema EXECUTAR","20","/competitive-briefing + /ux-copy","","","READY","NO","","Use /competitive-briefing para revisar padrões de mercado aplicáveis ao componente 'Page title' na rota '/skills', sem copiar textos de concorrentes. Depois use /ux-copy para escrever/revisar a copy em pt-BR. Objetivo: Nomear o catálogo de Skills. Público: Usuário do ecossistema EXECUTAR. Tipo: headline. Limite: 20 caracteres. Preserve linguagem clara, direta, orientada à tarefa, sem claims não suportadas. Copy atual: 'Skills'. Retorne somente a copy final e uma justificativa de até 20 palavras."
"COPY-SKL-002","Skills","/skills","Skills Catalog","Page intro","default","body","Procedimentos reutilizáveis para transformar uma necessidade em uma ação estruturada.","Explicar a função de uma Skill em linguagem simples.","Usuário do ecossistema EXECUTAR","140","/competitive-briefing + /ux-copy","Comparar como catálogos de skills/plugins explicam a utilidade de extensões sem linguagem técnica excessiva.","Descrever o papel da Skill e a ação do usuário; evitar jargão de agente.","DRAFT","NO","","Use /competitive-briefing para revisar padrões de mercado aplicáveis ao componente 'Page intro' na rota '/skills', sem copiar textos de concorrentes. Depois use /ux-copy para escrever/revisar a copy em pt-BR. Objetivo: Explicar a função de uma Skill em linguagem simples. Público: Usuário do ecossistema EXECUTAR. Tipo: body. Limite: 140 caracteres. Preserve linguagem clara, direta, orientada à tarefa, sem claims não suportadas. Copy atual: 'Procedimentos reutilizáveis para transformar uma necessidade em uma ação estruturada.'. Retorne somente a copy final e uma justificativa de até 20 palavras."
"COPY-SKL-003","Skills","/skills","Skills Catalog","Search","default","placeholder","Buscar Skills","Orientar a busca.","Usuário do ecossistema EXECUTAR","32","/competitive-briefing + /ux-copy","","","READY","NO","","Use /competitive-briefing para revisar padrões de mercado aplicáveis ao componente 'Search' na rota '/skills', sem copiar textos de concorrentes. Depois use /ux-copy para escrever/revisar a copy em pt-BR. Objetivo: Orientar a busca. Público: Usuário do ecossistema EXECUTAR. Tipo: placeholder. Limite: 32 caracteres. Preserve linguagem clara, direta, orientada à tarefa, sem claims não suportadas. Copy atual: 'Buscar Skills'. Retorne somente a copy final e uma justificativa de até 20 palavras."
"COPY-SKL-004","Skills","/skills","Skills Catalog","Filter","default","label","Área","Filtrar Skills por área.","Usuário do ecossistema EXECUTAR","16","/competitive-briefing + /ux-copy","","","READY","NO","","Use /competitive-briefing para revisar padrões de mercado aplicáveis ao componente 'Filter' na rota '/skills', sem copiar textos de concorrentes. Depois use /ux-copy para escrever/revisar a copy em pt-BR. Objetivo: Filtrar Skills por área. Público: Usuário do ecossistema EXECUTAR. Tipo: label. Limite: 16 caracteres. Preserve linguagem clara, direta, orientada à tarefa, sem claims não suportadas. Copy atual: 'Área'. Retorne somente a copy final e uma justificativa de até 20 palavras."
"COPY-SKL-005","Skills","/skills","Skills Catalog","Filter","default","label","Tipo","Filtrar Skills por tipo.","Usuário do ecossistema EXECUTAR","16","/competitive-briefing + /ux-copy","","","READY","NO","","Use /competitive-briefing para revisar padrões de mercado aplicáveis ao componente 'Filter' na rota '/skills', sem copiar textos de concorrentes. Depois use /ux-copy para escrever/revisar a copy em pt-BR. Objetivo: Filtrar Skills por tipo. Público: Usuário do ecossistema EXECUTAR. Tipo: label. Limite: 16 caracteres. Preserve linguagem clara, direta, orientada à tarefa, sem claims não suportadas. Copy atual: 'Tipo'. Retorne somente a copy final e uma justificativa de até 20 palavras."
"COPY-SKL-006","Skills","/skills","Skill card","CTA","default","cta","Abrir","Abrir o detalhe de uma Skill.","Usuário do ecossistema EXECUTAR","16","/competitive-briefing + /ux-copy","","","READY","NO","","Use /competitive-briefing para revisar padrões de mercado aplicáveis ao componente 'CTA' na rota '/skills', sem copiar textos de concorrentes. Depois use /ux-copy para escrever/revisar a copy em pt-BR. Objetivo: Abrir o detalhe de uma Skill. Público: Usuário do ecossistema EXECUTAR. Tipo: cta. Limite: 16 caracteres. Preserve linguagem clara, direta, orientada à tarefa, sem claims não suportadas. Copy atual: 'Abrir'. Retorne somente a copy final e uma justificativa de até 20 palavras."
"COPY-SKL-007","Skills","/skills/:slug","Skill Detail","Back link","default","label","Voltar para Skills","Retornar ao catálogo.","Usuário do ecossistema EXECUTAR","32","/competitive-briefing + /ux-copy","","","READY","NO","","Use /competitive-briefing para revisar padrões de mercado aplicáveis ao componente 'Back link' na rota '/skills/:slug', sem copiar textos de concorrentes. Depois use /ux-copy para escrever/revisar a copy em pt-BR. Objetivo: Retornar ao catálogo. Público: Usuário do ecossistema EXECUTAR. Tipo: label. Limite: 32 caracteres. Preserve linguagem clara, direta, orientada à tarefa, sem claims não suportadas. Copy atual: 'Voltar para Skills'. Retorne somente a copy final e uma justificativa de até 20 palavras."
"COPY-SKL-008","Skills","/skills/:slug","Skill Detail","Section title","default","heading","Problema","Identificar o problema que a Skill ajuda a tratar.","Usuário do ecossistema EXECUTAR","20","/competitive-briefing + /ux-copy","","","READY","NO","","Use /competitive-briefing para revisar padrões de mercado aplicáveis ao componente 'Section title' na rota '/skills/:slug', sem copiar textos de concorrentes. Depois use /ux-copy para escrever/revisar a copy em pt-BR. Objetivo: Identificar o problema que a Skill ajuda a tratar. Público: Usuário do ecossistema EXECUTAR. Tipo: heading. Limite: 20 caracteres. Preserve linguagem clara, direta, orientada à tarefa, sem claims não suportadas. Copy atual: 'Problema'. Retorne somente a copy final e uma justificativa de até 20 palavras."
"COPY-SKL-009","Skills","/skills/:slug","Skill Detail","Section title","default","heading","Processo","Identificar o processo em três etapas.","Usuário do ecossistema EXECUTAR","20","/competitive-briefing + /ux-copy","","","READY","NO","","Use /competitive-briefing para revisar padrões de mercado aplicáveis ao componente 'Section title' na rota '/skills/:slug', sem copiar textos de concorrentes. Depois use /ux-copy para escrever/revisar a copy em pt-BR. Objetivo: Identificar o processo em três etapas. Público: Usuário do ecossistema EXECUTAR. Tipo: heading. Limite: 20 caracteres. Preserve linguagem clara, direta, orientada à tarefa, sem claims não suportadas. Copy atual: 'Processo'. Retorne somente a copy final e uma justificativa de até 20 palavras."
"COPY-SKL-010","Skills","/skills/:slug","Skill Detail","Section title","default","heading","Progresso","Identificar o ciclo de progresso.","Usuário do ecossistema EXECUTAR","20","/competitive-briefing + /ux-copy","","","READY","NO","","Use /competitive-briefing para revisar padrões de mercado aplicáveis ao componente 'Section title' na rota '/skills/:slug', sem copiar textos de concorrentes. Depois use /ux-copy para escrever/revisar a copy em pt-BR. Objetivo: Identificar o ciclo de progresso. Público: Usuário do ecossistema EXECUTAR. Tipo: heading. Limite: 20 caracteres. Preserve linguagem clara, direta, orientada à tarefa, sem claims não suportadas. Copy atual: 'Progresso'. Retorne somente a copy final e uma justificativa de até 20 palavras."
"COPY-SKL-011","Skills","/skills/:slug","Skill Detail","Section title","default","heading","Como funciona","Introduzir o flowchart de uso.","Usuário do ecossistema EXECUTAR","28","/competitive-briefing + /ux-copy","","","READY","NO","","Use /competitive-briefing para revisar padrões de mercado aplicáveis ao componente 'Section title' na rota '/skills/:slug', sem copiar textos de concorrentes. Depois use /ux-copy para escrever/revisar a copy em pt-BR. Objetivo: Introduzir o flowchart de uso. Público: Usuário do ecossistema EXECUTAR. Tipo: heading. Limite: 28 caracteres. Preserve linguagem clara, direta, orientada à tarefa, sem claims não suportadas. Copy atual: 'Como funciona'. Retorne somente a copy final e uma justificativa de até 20 palavras."
"COPY-SKL-012","Skills","/skills/:slug","Skill Detail","Flowchart node","default","label","Entrada","Identificar o input do fluxo.","Usuário do ecossistema EXECUTAR","18","/competitive-briefing + /ux-copy","","","READY","NO","","Use /competitive-briefing para revisar padrões de mercado aplicáveis ao componente 'Flowchart node' na rota '/skills/:slug', sem copiar textos de concorrentes. Depois use /ux-copy para escrever/revisar a copy em pt-BR. Objetivo: Identificar o input do fluxo. Público: Usuário do ecossistema EXECUTAR. Tipo: label. Limite: 18 caracteres. Preserve linguagem clara, direta, orientada à tarefa, sem claims não suportadas. Copy atual: 'Entrada'. Retorne somente a copy final e uma justificativa de até 20 palavras."
"COPY-SKL-013","Skills","/skills/:slug","Skill Detail","Flowchart node","default","label","Resultado","Identificar o output do fluxo.","Usuário do ecossistema EXECUTAR","18","/competitive-briefing + /ux-copy","","","READY","NO","","Use /competitive-briefing para revisar padrões de mercado aplicáveis ao componente 'Flowchart node' na rota '/skills/:slug', sem copiar textos de concorrentes. Depois use /ux-copy para escrever/revisar a copy em pt-BR. Objetivo: Identificar o output do fluxo. Público: Usuário do ecossistema EXECUTAR. Tipo: label. Limite: 18 caracteres. Preserve linguagem clara, direta, orientada à tarefa, sem claims não suportadas. Copy atual: 'Resultado'. Retorne somente a copy final e uma justificativa de até 20 palavras."
"COPY-SKL-014","Skills","/skills/:slug","Skill Detail","References","default","label","Referências","Abrir evidências e fontes quando existirem.","Usuário do ecossistema EXECUTAR","28","/competitive-briefing + /ux-copy","","","READY","NO","","Use /competitive-briefing para revisar padrões de mercado aplicáveis ao componente 'References' na rota '/skills/:slug', sem copiar textos de concorrentes. Depois use /ux-copy para escrever/revisar a copy em pt-BR. Objetivo: Abrir evidências e fontes quando existirem. Público: Usuário do ecossistema EXECUTAR. Tipo: label. Limite: 28 caracteres. Preserve linguagem clara, direta, orientada à tarefa, sem claims não suportadas. Copy atual: 'Referências'. Retorne somente a copy final e uma justificativa de até 20 palavras."
"COPY-SKL-015","Skills","/skills/:slug","Skill Detail","Primary CTA","default","cta","Usar Skill","Iniciar a experiência principal da Skill.","Usuário do ecossistema EXECUTAR","24","/competitive-briefing + /ux-copy","","","DRAFT","NO","","Use /competitive-briefing para revisar padrões de mercado aplicáveis ao componente 'Primary CTA' na rota '/skills/:slug', sem copiar textos de concorrentes. Depois use /ux-copy para escrever/revisar a copy em pt-BR. Objetivo: Iniciar a experiência principal da Skill. Público: Usuário do ecossistema EXECUTAR. Tipo: cta. Limite: 24 caracteres. Preserve linguagem clara, direta, orientada à tarefa, sem claims não suportadas. Copy atual: 'Usar Skill'. Retorne somente a copy final e uma justificativa de até 20 palavras."
"COPY-SKL-016","Skills","/skills/:slug","Skill Detail","Secondary CTA","default","cta","Ver detalhes","Abrir detalhes adicionais sem iniciar a Skill.","Usuário do ecossistema EXECUTAR","24","/competitive-briefing + /ux-copy","","","DRAFT","NO","","Use /competitive-briefing para revisar padrões de mercado aplicáveis ao componente 'Secondary CTA' na rota '/skills/:slug', sem copiar textos de concorrentes. Depois use /ux-copy para escrever/revisar a copy em pt-BR. Objetivo: Abrir detalhes adicionais sem iniciar a Skill. Público: Usuário do ecossistema EXECUTAR. Tipo: cta. Limite: 24 caracteres. Preserve linguagem clara, direta, orientada à tarefa, sem claims não suportadas. Copy atual: 'Ver detalhes'. Retorne somente a copy final e uma justificativa de até 20 palavras."
"COPY-PROD-001","Produtos","/loja/:type/:slug","Product Detail","Back link","default","label","Voltar para Ferramentas","Retornar para a Store.","Usuário do ecossistema EXECUTAR","36","/competitive-briefing + /ux-copy","","","READY","NO","","Use /competitive-briefing para revisar padrões de mercado aplicáveis ao componente 'Back link' na rota '/loja/:type/:slug', sem copiar textos de concorrentes. Depois use /ux-copy para escrever/revisar a copy em pt-BR. Objetivo: Retornar para a Store. Público: Usuário do ecossistema EXECUTAR. Tipo: label. Limite: 36 caracteres. Preserve linguagem clara, direta, orientada à tarefa, sem claims não suportadas. Copy atual: 'Voltar para Ferramentas'. Retorne somente a copy final e uma justificativa de até 20 palavras."
"COPY-PROD-002","Produtos","/loja/:type/:slug","Product Detail","Primary CTA","default","cta","Abrir recurso","Executar a ação principal do produto sem assumir download ou instalação.","Usuário do ecossistema EXECUTAR","28","/competitive-briefing + /ux-copy","","","DRAFT","NO","","Use /competitive-briefing para revisar padrões de mercado aplicáveis ao componente 'Primary CTA' na rota '/loja/:type/:slug', sem copiar textos de concorrentes. Depois use /ux-copy para escrever/revisar a copy em pt-BR. Objetivo: Executar a ação principal do produto sem assumir download ou instalação. Público: Usuário do ecossistema EXECUTAR. Tipo: cta. Limite: 28 caracteres. Preserve linguagem clara, direta, orientada à tarefa, sem claims não suportadas. Copy atual: 'Abrir recurso'. Retorne somente a copy final e uma justificativa de até 20 palavras."
"COPY-PROD-003","Produtos","/loja/:type/:slug","Product Detail","Secondary CTA","default","cta","Ver como funciona","Levar o usuário à explicação de uso.","Usuário do ecossistema EXECUTAR","28","/competitive-briefing + /ux-copy","","","DRAFT","NO","","Use /competitive-briefing para revisar padrões de mercado aplicáveis ao componente 'Secondary CTA' na rota '/loja/:type/:slug', sem copiar textos de concorrentes. Depois use /ux-copy para escrever/revisar a copy em pt-BR. Objetivo: Levar o usuário à explicação de uso. Público: Usuário do ecossistema EXECUTAR. Tipo: cta. Limite: 28 caracteres. Preserve linguagem clara, direta, orientada à tarefa, sem claims não suportadas. Copy atual: 'Ver como funciona'. Retorne somente a copy final e uma justificativa de até 20 palavras."
"COPY-PROD-004","E-books","/loja/ebooks","E-books Catalog","Page title","default","headline","E-books","Nomear o catálogo de e-books.","Usuário do ecossistema EXECUTAR","20","/competitive-briefing + /ux-copy","","","READY","NO","","Use /competitive-briefing para revisar padrões de mercado aplicáveis ao componente 'Page title' na rota '/loja/ebooks', sem copiar textos de concorrentes. Depois use /ux-copy para escrever/revisar a copy em pt-BR. Objetivo: Nomear o catálogo de e-books. Público: Usuário do ecossistema EXECUTAR. Tipo: headline. Limite: 20 caracteres. Preserve linguagem clara, direta, orientada à tarefa, sem claims não suportadas. Copy atual: 'E-books'. Retorne somente a copy final e uma justificativa de até 20 palavras."
"COPY-PROD-005","E-books","/loja/ebooks","E-books Catalog","Page intro","default","body","Guias estruturados para aprofundar conceitos e aplicar frameworks no trabalho.","Explicar a utilidade dos e-books.","Usuário do ecossistema EXECUTAR","130","/competitive-briefing + /ux-copy","","","DRAFT","NO","","Use /competitive-briefing para revisar padrões de mercado aplicáveis ao componente 'Page intro' na rota '/loja/ebooks', sem copiar textos de concorrentes. Depois use /ux-copy para escrever/revisar a copy em pt-BR. Objetivo: Explicar a utilidade dos e-books. Público: Usuário do ecossistema EXECUTAR. Tipo: body. Limite: 130 caracteres. Preserve linguagem clara, direta, orientada à tarefa, sem claims não suportadas. Copy atual: 'Guias estruturados para aprofundar conceitos e aplicar frameworks no trabalho.'. Retorne somente a copy final e uma justificativa de até 20 palavras."
"COPY-PROD-006","E-books","/loja/ebooks","E-books Catalog","Search","default","placeholder","Buscar e-books","Orientar a busca.","Usuário do ecossistema EXECUTAR","32","/competitive-briefing + /ux-copy","","","READY","NO","","Use /competitive-briefing para revisar padrões de mercado aplicáveis ao componente 'Search' na rota '/loja/ebooks', sem copiar textos de concorrentes. Depois use /ux-copy para escrever/revisar a copy em pt-BR. Objetivo: Orientar a busca. Público: Usuário do ecossistema EXECUTAR. Tipo: placeholder. Limite: 32 caracteres. Preserve linguagem clara, direta, orientada à tarefa, sem claims não suportadas. Copy atual: 'Buscar e-books'. Retorne somente a copy final e uma justificativa de até 20 palavras."
"COPY-PROD-007","Prompts","/loja/prompts","Prompts Catalog","Page title","default","headline","Prompts","Nomear o catálogo de prompts.","Usuário do ecossistema EXECUTAR","20","/competitive-briefing + /ux-copy","","","READY","NO","","Use /competitive-briefing para revisar padrões de mercado aplicáveis ao componente 'Page title' na rota '/loja/prompts', sem copiar textos de concorrentes. Depois use /ux-copy para escrever/revisar a copy em pt-BR. Objetivo: Nomear o catálogo de prompts. Público: Usuário do ecossistema EXECUTAR. Tipo: headline. Limite: 20 caracteres. Preserve linguagem clara, direta, orientada à tarefa, sem claims não suportadas. Copy atual: 'Prompts'. Retorne somente a copy final e uma justificativa de até 20 palavras."
"COPY-PROD-008","Prompts","/loja/prompts","Prompts Catalog","Page intro","default","body","Prompts prontos para orientar tarefas, decisões e produção de conteúdo.","Explicar a utilidade dos prompts.","Usuário do ecossistema EXECUTAR","130","/competitive-briefing + /ux-copy","","","DRAFT","NO","","Use /competitive-briefing para revisar padrões de mercado aplicáveis ao componente 'Page intro' na rota '/loja/prompts', sem copiar textos de concorrentes. Depois use /ux-copy para escrever/revisar a copy em pt-BR. Objetivo: Explicar a utilidade dos prompts. Público: Usuário do ecossistema EXECUTAR. Tipo: body. Limite: 130 caracteres. Preserve linguagem clara, direta, orientada à tarefa, sem claims não suportadas. Copy atual: 'Prompts prontos para orientar tarefas, decisões e produção de conteúdo.'. Retorne somente a copy final e uma justificativa de até 20 palavras."
"COPY-PROD-009","Workbooks","/loja/workbooks","Workbooks Catalog","Page title","default","headline","Workbooks","Nomear o catálogo.","Usuário do ecossistema EXECUTAR","24","/competitive-briefing + /ux-copy","","","READY","NO","","Use /competitive-briefing para revisar padrões de mercado aplicáveis ao componente 'Page title' na rota '/loja/workbooks', sem copiar textos de concorrentes. Depois use /ux-copy para escrever/revisar a copy em pt-BR. Objetivo: Nomear o catálogo. Público: Usuário do ecossistema EXECUTAR. Tipo: headline. Limite: 24 caracteres. Preserve linguagem clara, direta, orientada à tarefa, sem claims não suportadas. Copy atual: 'Workbooks'. Retorne somente a copy final e uma justificativa de até 20 palavras."
"COPY-PROD-010","Workbooks","/loja/workbooks","Workbooks Catalog","Page intro","default","body","Planilhas e modelos para organizar dados, decisões e acompanhamento.","Explicar a utilidade dos workbooks.","Usuário do ecossistema EXECUTAR","130","/competitive-briefing + /ux-copy","","","DRAFT","NO","","Use /competitive-briefing para revisar padrões de mercado aplicáveis ao componente 'Page intro' na rota '/loja/workbooks', sem copiar textos de concorrentes. Depois use /ux-copy para escrever/revisar a copy em pt-BR. Objetivo: Explicar a utilidade dos workbooks. Público: Usuário do ecossistema EXECUTAR. Tipo: body. Limite: 130 caracteres. Preserve linguagem clara, direta, orientada à tarefa, sem claims não suportadas. Copy atual: 'Planilhas e modelos para organizar dados, decisões e acompanhamento.'. Retorne somente a copy final e uma justificativa de até 20 palavras."
"COPY-PROD-011","Assets","/loja/assets","Assets Catalog","Page title","default","headline","Assets","Nomear o catálogo de assets.","Usuário do ecossistema EXECUTAR","20","/competitive-briefing + /ux-copy","","","READY","NO","","Use /competitive-briefing para revisar padrões de mercado aplicáveis ao componente 'Page title' na rota '/loja/assets', sem copiar textos de concorrentes. Depois use /ux-copy para escrever/revisar a copy em pt-BR. Objetivo: Nomear o catálogo de assets. Público: Usuário do ecossistema EXECUTAR. Tipo: headline. Limite: 20 caracteres. Preserve linguagem clara, direta, orientada à tarefa, sem claims não suportadas. Copy atual: 'Assets'. Retorne somente a copy final e uma justificativa de até 20 palavras."
"COPY-PROD-012","Assets","/loja/assets","Assets Catalog","Page intro","default","body","Recursos visuais e operacionais prontos para adaptar, publicar ou reutilizar.","Explicar a utilidade dos assets.","Usuário do ecossistema EXECUTAR","130","/competitive-briefing + /ux-copy","","","DRAFT","NO","","Use /competitive-briefing para revisar padrões de mercado aplicáveis ao componente 'Page intro' na rota '/loja/assets', sem copiar textos de concorrentes. Depois use /ux-copy para escrever/revisar a copy em pt-BR. Objetivo: Explicar a utilidade dos assets. Público: Usuário do ecossistema EXECUTAR. Tipo: body. Limite: 130 caracteres. Preserve linguagem clara, direta, orientada à tarefa, sem claims não suportadas. Copy atual: 'Recursos visuais e operacionais prontos para adaptar, publicar ou reutilizar.'. Retorne somente a copy final e uma justificativa de até 20 palavras."
"COPY-FLT-001","Global","/loja","Filters","Open filter","default","cta","Filtros","Abrir controles de filtragem.","Usuário do ecossistema EXECUTAR","20","/competitive-briefing + /ux-copy","","","READY","NO","","Use /competitive-briefing para revisar padrões de mercado aplicáveis ao componente 'Open filter' na rota '/loja', sem copiar textos de concorrentes. Depois use /ux-copy para escrever/revisar a copy em pt-BR. Objetivo: Abrir controles de filtragem. Público: Usuário do ecossistema EXECUTAR. Tipo: cta. Limite: 20 caracteres. Preserve linguagem clara, direta, orientada à tarefa, sem claims não suportadas. Copy atual: 'Filtros'. Retorne somente a copy final e uma justificativa de até 20 palavras."
"COPY-FLT-002","Global","/loja","Filters","Clear filters","default","cta","Limpar filtros","Remover todos os filtros aplicados.","Usuário do ecossistema EXECUTAR","24","/competitive-briefing + /ux-copy","","","READY","NO","","Use /competitive-briefing para revisar padrões de mercado aplicáveis ao componente 'Clear filters' na rota '/loja', sem copiar textos de concorrentes. Depois use /ux-copy para escrever/revisar a copy em pt-BR. Objetivo: Remover todos os filtros aplicados. Público: Usuário do ecossistema EXECUTAR. Tipo: cta. Limite: 24 caracteres. Preserve linguagem clara, direta, orientada à tarefa, sem claims não suportadas. Copy atual: 'Limpar filtros'. Retorne somente a copy final e uma justificativa de até 20 palavras."
"COPY-FLT-003","Global","/loja","Filters","Sort","default","label","Ordenar","Abrir opções de ordenação.","Usuário do ecossistema EXECUTAR","20","/competitive-briefing + /ux-copy","","","READY","NO","","Use /competitive-briefing para revisar padrões de mercado aplicáveis ao componente 'Sort' na rota '/loja', sem copiar textos de concorrentes. Depois use /ux-copy para escrever/revisar a copy em pt-BR. Objetivo: Abrir opções de ordenação. Público: Usuário do ecossistema EXECUTAR. Tipo: label. Limite: 20 caracteres. Preserve linguagem clara, direta, orientada à tarefa, sem claims não suportadas. Copy atual: 'Ordenar'. Retorne somente a copy final e uma justificativa de até 20 palavras."
"COPY-FLT-004","Global","/loja","Filters","Sort option","default","label","Mais recentes","Ordenar por publicação recente.","Usuário do ecossistema EXECUTAR","24","/competitive-briefing + /ux-copy","","","READY","NO","","Use /competitive-briefing para revisar padrões de mercado aplicáveis ao componente 'Sort option' na rota '/loja', sem copiar textos de concorrentes. Depois use /ux-copy para escrever/revisar a copy em pt-BR. Objetivo: Ordenar por publicação recente. Público: Usuário do ecossistema EXECUTAR. Tipo: label. Limite: 24 caracteres. Preserve linguagem clara, direta, orientada à tarefa, sem claims não suportadas. Copy atual: 'Mais recentes'. Retorne somente a copy final e uma justificativa de até 20 palavras."
"COPY-FLT-005","Global","/loja","Filters","Sort option","default","label","A–Z","Ordenar alfabeticamente.","Usuário do ecossistema EXECUTAR","12","/competitive-briefing + /ux-copy","","","READY","NO","","Use /competitive-briefing para revisar padrões de mercado aplicáveis ao componente 'Sort option' na rota '/loja', sem copiar textos de concorrentes. Depois use /ux-copy para escrever/revisar a copy em pt-BR. Objetivo: Ordenar alfabeticamente. Público: Usuário do ecossistema EXECUTAR. Tipo: label. Limite: 12 caracteres. Preserve linguagem clara, direta, orientada à tarefa, sem claims não suportadas. Copy atual: 'A–Z'. Retorne somente a copy final e uma justificativa de até 20 palavras."
"COPY-STATE-001","Global","*","Feedback","Success toast","success","status","Pronto.","Confirmar conclusão simples.","Usuário do ecossistema EXECUTAR","16","/competitive-briefing + /ux-copy","","","READY","NO","","Use /competitive-briefing para revisar padrões de mercado aplicáveis ao componente 'Success toast' na rota '*', sem copiar textos de concorrentes. Depois use /ux-copy para escrever/revisar a copy em pt-BR. Objetivo: Confirmar conclusão simples. Público: Usuário do ecossistema EXECUTAR. Tipo: status. Limite: 16 caracteres. Preserve linguagem clara, direta, orientada à tarefa, sem claims não suportadas. Copy atual: 'Pronto.'. Retorne somente a copy final e uma justificativa de até 20 palavras."
"COPY-STATE-002","Global","*","Feedback","Success toast","success","body","A ação foi concluída.","Confirmar resultado sem exagero.","Usuário do ecossistema EXECUTAR","60","/competitive-briefing + /ux-copy","","","DRAFT","NO","","Use /competitive-briefing para revisar padrões de mercado aplicáveis ao componente 'Success toast' na rota '*', sem copiar textos de concorrentes. Depois use /ux-copy para escrever/revisar a copy em pt-BR. Objetivo: Confirmar resultado sem exagero. Público: Usuário do ecossistema EXECUTAR. Tipo: body. Limite: 60 caracteres. Preserve linguagem clara, direta, orientada à tarefa, sem claims não suportadas. Copy atual: 'A ação foi concluída.'. Retorne somente a copy final e uma justificativa de até 20 palavras."
"COPY-STATE-003","Global","*","Feedback","Warning","warning","title","Revise antes de continuar","Sinalizar necessidade de revisão.","Usuário do ecossistema EXECUTAR","44","/competitive-briefing + /ux-copy","","","DRAFT","NO","","Use /competitive-briefing para revisar padrões de mercado aplicáveis ao componente 'Warning' na rota '*', sem copiar textos de concorrentes. Depois use /ux-copy para escrever/revisar a copy em pt-BR. Objetivo: Sinalizar necessidade de revisão. Público: Usuário do ecossistema EXECUTAR. Tipo: title. Limite: 44 caracteres. Preserve linguagem clara, direta, orientada à tarefa, sem claims não suportadas. Copy atual: 'Revise antes de continuar'. Retorne somente a copy final e uma justificativa de até 20 palavras."
"COPY-STATE-004","Global","*","Feedback","Warning","warning","body","Há informações pendentes nesta etapa.","Explicar motivo do aviso.","Usuário do ecossistema EXECUTAR","70","/competitive-briefing + /ux-copy","","","DRAFT","NO","","Use /competitive-briefing para revisar padrões de mercado aplicáveis ao componente 'Warning' na rota '*', sem copiar textos de concorrentes. Depois use /ux-copy para escrever/revisar a copy em pt-BR. Objetivo: Explicar motivo do aviso. Público: Usuário do ecossistema EXECUTAR. Tipo: body. Limite: 70 caracteres. Preserve linguagem clara, direta, orientada à tarefa, sem claims não suportadas. Copy atual: 'Há informações pendentes nesta etapa.'. Retorne somente a copy final e uma justificativa de até 20 palavras."
"COPY-STATE-005","Global","*","Feedback","Blocked","blocked","title","Esta etapa ainda não está disponível","Comunicar bloqueio de forma neutra.","Usuário do ecossistema EXECUTAR","52","/competitive-briefing + /ux-copy","","","DRAFT","NO","","Use /competitive-briefing para revisar padrões de mercado aplicáveis ao componente 'Blocked' na rota '*', sem copiar textos de concorrentes. Depois use /ux-copy para escrever/revisar a copy em pt-BR. Objetivo: Comunicar bloqueio de forma neutra. Público: Usuário do ecossistema EXECUTAR. Tipo: title. Limite: 52 caracteres. Preserve linguagem clara, direta, orientada à tarefa, sem claims não suportadas. Copy atual: 'Esta etapa ainda não está disponível'. Retorne somente a copy final e uma justificativa de até 20 palavras."
"COPY-STATE-006","Global","*","Feedback","Blocked","blocked","body","Conclua as etapas necessárias para continuar.","Indicar condição de retomada sem inventar dependências.","Usuário do ecossistema EXECUTAR","80","/competitive-briefing + /ux-copy","","","DRAFT","NO","","Use /competitive-briefing para revisar padrões de mercado aplicáveis ao componente 'Blocked' na rota '*', sem copiar textos de concorrentes. Depois use /ux-copy para escrever/revisar a copy em pt-BR. Objetivo: Indicar condição de retomada sem inventar dependências. Público: Usuário do ecossistema EXECUTAR. Tipo: body. Limite: 80 caracteres. Preserve linguagem clara, direta, orientada à tarefa, sem claims não suportadas. Copy atual: 'Conclua as etapas necessárias para continuar.'. Retorne somente a copy final e uma justificativa de até 20 palavras."
"COPY-TPL-001","Skills","/skills/:slug","Skill Detail","Description template","dynamic","template","{{short_description}}","Reservar campo de descrição real da Skill.","Usuário do ecossistema EXECUTAR","280","/competitive-briefing + /ux-copy","","","TEMPLATE","NO","Preencher a partir do schema definitivo; não inventar.","Use /competitive-briefing para revisar padrões de mercado aplicáveis ao componente 'Description template' na rota '/skills/:slug', sem copiar textos de concorrentes. Depois use /ux-copy para escrever/revisar a copy em pt-BR. Objetivo: Reservar campo de descrição real da Skill. Público: Usuário do ecossistema EXECUTAR. Tipo: template. Limite: 280 caracteres. Preserve linguagem clara, direta, orientada à tarefa, sem claims não suportadas. Copy atual: '{{short_description}}'. Retorne somente a copy final e uma justificativa de até 20 palavras."
"COPY-TPL-002","Skills","/skills/:slug","Skill Detail","Problem template","dynamic","template","{{problem}}","Reservar campo do problema.","Usuário do ecossistema EXECUTAR","120","/competitive-briefing + /ux-copy","","","TEMPLATE","NO","Máximo recomendado: 15 palavras.","Use /competitive-briefing para revisar padrões de mercado aplicáveis ao componente 'Problem template' na rota '/skills/:slug', sem copiar textos de concorrentes. Depois use /ux-copy para escrever/revisar a copy em pt-BR. Objetivo: Reservar campo do problema. Público: Usuário do ecossistema EXECUTAR. Tipo: template. Limite: 120 caracteres. Preserve linguagem clara, direta, orientada à tarefa, sem claims não suportadas. Copy atual: '{{problem}}'. Retorne somente a copy final e uma justificativa de até 20 palavras."
"COPY-TPL-003","Skills","/skills/:slug","Skill Detail","Process step 1","dynamic","template","{{process_01.label}}","Reservar primeira etapa do processo.","Usuário do ecossistema EXECUTAR","48","/competitive-briefing + /ux-copy","","","TEMPLATE","NO","","Use /competitive-briefing para revisar padrões de mercado aplicáveis ao componente 'Process step 1' na rota '/skills/:slug', sem copiar textos de concorrentes. Depois use /ux-copy para escrever/revisar a copy em pt-BR. Objetivo: Reservar primeira etapa do processo. Público: Usuário do ecossistema EXECUTAR. Tipo: template. Limite: 48 caracteres. Preserve linguagem clara, direta, orientada à tarefa, sem claims não suportadas. Copy atual: '{{process_01.label}}'. Retorne somente a copy final e uma justificativa de até 20 palavras."
"COPY-TPL-004","Skills","/skills/:slug","Skill Detail","Process step 2","dynamic","template","{{process_02.label}}","Reservar segunda etapa do processo.","Usuário do ecossistema EXECUTAR","48","/competitive-briefing + /ux-copy","","","TEMPLATE","NO","","Use /competitive-briefing para revisar padrões de mercado aplicáveis ao componente 'Process step 2' na rota '/skills/:slug', sem copiar textos de concorrentes. Depois use /ux-copy para escrever/revisar a copy em pt-BR. Objetivo: Reservar segunda etapa do processo. Público: Usuário do ecossistema EXECUTAR. Tipo: template. Limite: 48 caracteres. Preserve linguagem clara, direta, orientada à tarefa, sem claims não suportadas. Copy atual: '{{process_02.label}}'. Retorne somente a copy final e uma justificativa de até 20 palavras."
"COPY-TPL-005","Skills","/skills/:slug","Skill Detail","Process step 3","dynamic","template","{{process_03.label}}","Reservar terceira etapa do processo.","Usuário do ecossistema EXECUTAR","48","/competitive-briefing + /ux-copy","","","TEMPLATE","NO","","Use /competitive-briefing para revisar padrões de mercado aplicáveis ao componente 'Process step 3' na rota '/skills/:slug', sem copiar textos de concorrentes. Depois use /ux-copy para escrever/revisar a copy em pt-BR. Objetivo: Reservar terceira etapa do processo. Público: Usuário do ecossistema EXECUTAR. Tipo: template. Limite: 48 caracteres. Preserve linguagem clara, direta, orientada à tarefa, sem claims não suportadas. Copy atual: '{{process_03.label}}'. Retorne somente a copy final e uma justificativa de até 20 palavras."
"COPY-TPL-006","Skills","/skills/:slug","Skill Detail","Progress Plan","dynamic","template","{{progress.plan}}","Reservar o texto de Plan.","Usuário do ecossistema EXECUTAR","100","/competitive-briefing + /ux-copy","","","TEMPLATE","NO","","Use /competitive-briefing para revisar padrões de mercado aplicáveis ao componente 'Progress Plan' na rota '/skills/:slug', sem copiar textos de concorrentes. Depois use /ux-copy para escrever/revisar a copy em pt-BR. Objetivo: Reservar o texto de Plan. Público: Usuário do ecossistema EXECUTAR. Tipo: template. Limite: 100 caracteres. Preserve linguagem clara, direta, orientada à tarefa, sem claims não suportadas. Copy atual: '{{progress.plan}}'. Retorne somente a copy final e uma justificativa de até 20 palavras."
"COPY-TPL-007","Skills","/skills/:slug","Skill Detail","Progress Do","dynamic","template","{{progress.do}}","Reservar o texto de Do.","Usuário do ecossistema EXECUTAR","100","/competitive-briefing + /ux-copy","","","TEMPLATE","NO","","Use /competitive-briefing para revisar padrões de mercado aplicáveis ao componente 'Progress Do' na rota '/skills/:slug', sem copiar textos de concorrentes. Depois use /ux-copy para escrever/revisar a copy em pt-BR. Objetivo: Reservar o texto de Do. Público: Usuário do ecossistema EXECUTAR. Tipo: template. Limite: 100 caracteres. Preserve linguagem clara, direta, orientada à tarefa, sem claims não suportadas. Copy atual: '{{progress.do}}'. Retorne somente a copy final e uma justificativa de até 20 palavras."
"COPY-TPL-008","Skills","/skills/:slug","Skill Detail","Progress Check","dynamic","template","{{progress.check}}","Reservar o texto de Check.","Usuário do ecossistema EXECUTAR","100","/competitive-briefing + /ux-copy","","","TEMPLATE","NO","","Use /competitive-briefing para revisar padrões de mercado aplicáveis ao componente 'Progress Check' na rota '/skills/:slug', sem copiar textos de concorrentes. Depois use /ux-copy para escrever/revisar a copy em pt-BR. Objetivo: Reservar o texto de Check. Público: Usuário do ecossistema EXECUTAR. Tipo: template. Limite: 100 caracteres. Preserve linguagem clara, direta, orientada à tarefa, sem claims não suportadas. Copy atual: '{{progress.check}}'. Retorne somente a copy final e uma justificativa de até 20 palavras."
"COPY-TPL-009","Skills","/skills/:slug","Skill Detail","Progress Act","dynamic","template","{{progress.act}}","Reservar o texto de Act.","Usuário do ecossistema EXECUTAR","100","/competitive-briefing + /ux-copy","","","TEMPLATE","NO","","Use /competitive-briefing para revisar padrões de mercado aplicáveis ao componente 'Progress Act' na rota '/skills/:slug', sem copiar textos de concorrentes. Depois use /ux-copy para escrever/revisar a copy em pt-BR. Objetivo: Reservar o texto de Act. Público: Usuário do ecossistema EXECUTAR. Tipo: template. Limite: 100 caracteres. Preserve linguagem clara, direta, orientada à tarefa, sem claims não suportadas. Copy atual: '{{progress.act}}'. Retorne somente a copy final e uma justificativa de até 20 palavras."
